{
    "can_type_visible": true,
    "data_format": 0,
    "data_visible": true,
    "dev_src_visible": false,
    "dev_type_visible": false,
    "direction_visible": true,
    "filter_id1": "",
    "filter_id2": "",
    "filter_id_as": 1,
    "filter_id_link": 0,
    "filter_id_op1_value": 0,
    "filter_id_op2_value": 0,
    "frame_count_visible": true,
    "frame_format_visible": false,
    "frame_id_visible": true,
    "frame_len_visible": true,
    "frame_type_visible": false,
    "frames_limit": 10000,
    "id_align": 0,
    "id_format": 0,
    "period_visible": true,
    "show_can_lose": false,
    "show_data_type": 0,
    "show_error": false,
    "show_id_all_info": false,
    "show_sort_view": false,
    "time_type": 2,
    "timesteamp_visible": true
}
