{
		"sid_allowed":[{"start":"0x10", "end":"0x3E"}, {"start":"0x83", "end":"0x88"}, {"start":"0xC0", "end":"0xC2"}],
		"services":[
				{
						"id":"0x10",
						"name":"诊断会话控制",
						"enable":true,
						"subitems":[
									 {
										"number":"0x01",
										"desc":"默认会话"
									 },
									 {
										"number":"0x02",
										"desc":"编程会话"
									 },
									 {
										"number":"0x03",
										"desc":"扩展诊断会话"
									 },
									 {
										"number":"0x04",
										"desc":"安全系统诊断会话"
									 }
								   ]
				},
				{
						"id":"0x11",
						"name":"ECU重置",
						"enable":true,
						"subitems":[
									 {
										"number":"0x01",
										"desc":"硬重置"
									 },
									 {
										"number":"0x02",
										"desc":"点火钥匙关闭/重置"
									 },
									 {
										"number":"0x03",
										"desc":"软重置"
									 },
									 {
										"number":"0x04",
										"desc":"启动快速断电"
									 },
									 {
										"number":"0x05",
										"desc":"禁用快速断电"
									 }
								   ]
				},
				{
						"id":"0x14",
						"enable":true,
						"name":"清除诊断信息",
						"subitems":[
								   ]
				},
				{
						"id":"0x19",
						"name":"读取DTC信息",
						"enable":true,
						"subitems":[
									 {
										"number":"0x01",
										"desc":"按状态掩码报告DTC数量"
									 },
									 {
										"number":"0x02",
										"desc":"按状态掩码报告DTC"
									 },
									 {
										"number":"0x03",
										"desc":"报告DTC快照标识"
									 },
									 {
										"number":"0x04",
										"desc":"按DTC编号报告DTC快照记录"
									 },
									 {
										"number":"0x05",
										"desc":"按记录编号报告DTC存储数据"
									 },
									 {
										"number":"0x06",
										"desc":"按DTC编号报告DTC扩展数据记录"
									 },
									 {
										"number":"0x07",
										"desc":"按严重性掩码记录报告DTC编号"
									 },
									 {
										"number":"0x08",
										"desc":"按严重性掩码记录报告DTC"
									 },
									 {
										"number":"0x09",
										"desc":"报告DTC的严重性信息"
									 },
									 {
										"number":"0x0A",
										"desc":"报告受支持的DTC"
									 },
									 {
										"number":"0x0B",
										"desc":"报告首个测试失败DTC"
									 },
									 {
										"number":"0x0C",
										"desc":"报告首个确认DTC"
									 },
									 {
										"number":"0x0D",
										"desc":"报告最新测试失败DTC"
									 },
									 {
										"number":"0x0E",
										"desc":"报告最新确认的DTC"
									 },
									 {
										"number":"0x0F",
										"desc":"按状态掩码报告镜像内存DTC"
									 },
									 {
										"number":"0x10",
										"desc":"按DTC编号报告镜像内存DTC扩展数据记录"
									 },
									 {
										"number":"0x11",
										"desc":"按状态掩码报告镜像内存DTC数量"
									 },
									 {
										"number":"0x12",
										"desc":"按状态掩码报告排放OBD DTC的数量"
									 },
									 {
										"number":"0x13",
										"desc":"按报告掩码报告排放OBD DTC"
									 },
									 {
										"number":"0x14",
										"desc":"报告DTC故障检测计时器"
									 },
									 {
										"number":"0x15",
										"desc":"报告为永久性状态的DTC"
									 },
									 {
										"number":"0x16",
										"desc":"按记录编号报告DTC扩展数据记录"
									 },
									 {
										"number":"0x17",
										"desc":"按状态掩码报告用户定义内存"
									 },
									 {
										"number":"0x18",
										"desc":"按DTC编号报告用户定义内存DTC快照记录"
									 }
								   ]
				},
				{
						"id":"0x22",
						"name":"按标识符读取数据",
						"enable":true,
						"subitems":[
								   ]
				},
				{
						"id":"0x23",
						"name":"按地址读取内容",
						"enable":true,
						"subitems":[
								   ]
				},
				{
						"id":"0x24",
						"name":"按标识符读取换算数据",
						"enable":true,
						"subitems":[
								   ]
				},
				{
						"id":"0x27",
						"name":"安全访问",
						"enable":true,
						"subitems":[
									 {
										"number":"0x01",
										"desc":"请求Seed 1"
									 },
									 {
										"number":"0x02",
										"desc":"发送Key 2"
									 },
									 {
										"number":"0x03",
										"desc":"请求Seed 3"
									 },
									 {
										"number":"0x04",
										"desc":"发送Key 4"
									 },
									 {
										"number":"0x05",
										"desc":"请求Seed 5"
									 },
									 {
										"number":"0x06",
										"desc":"发送Key 6"
									 }
								   ]
				},
				{
						"id":"0x28",
						"name":"通讯控制",
						"enable":true,
						"subitems":[
									 {
										"number":"0x00",
										"desc":"启用Rx和Tx"
									 },
									 {
										"number":"0x01",
										"desc":"启动Rx和禁用Tx"
									 },
									 {
										"number":"0x02",
										"desc":"禁用Rx和启用Tx"
									 },
									 {
										"number":"0x03",
										"desc":"禁用Rx和Tx"
									 },
									 {
										"number":"0x04",
										"desc":"根据强化的地址信息启用Rx和禁用Tx"
									 },
									 {
										"number":"0x05",
										"desc":"根据强化的地址信息启用Rx和Tx"
									 }
								   ]
				},
				{
						"id":"0x2A",
						"name":"按周期性标识符读取数据",
						"enable":true,
						"subitems":[
								   ]
				},
				{
						"id":"0x2C",
						"name":"动态定义数据标识符",
						"enable":true,
						"subitems":[
									 {
										"number":"0x01",
										"desc":"按标识符定义"
									 },
									 {
										"number":"0x02",
										"desc":"按内存地址定义"
									 },
									 {
										"number":"0x03",
										"desc":"清除动态定义的数据标识符"
									 }
								   ]
				},
				{
						"id":"0x2E",
						"name":"按标识符写数据",
						"enable":true,
						"subitems":[
								   ]
				},
				{
						"id":"0x2F",
						"name":"按标识符的输入输出控制",
						"enable":true,
						"subitems":[
								   ]
				},
				{
						"id":"0x31",
						"name":"例程控制",
						"enable":true,
						"subitems":[
									 {
										"number":"0x01",
										"desc":"启动例程"
									 },
									 {
										"number":"0x02",
										"desc":"停止例程"
									 },
									 {
										"number":"0x03",
										"desc":"请求例程结果"
									 }
								   ]
				},
				{
						"id":"0x34",
						"name":"文件下载",
						"enable":true,
						"subitems":[]
				},
				{
						"id":"0x3D",
						"name":"按地址写内存",
						"enable":true,
						"subitems":[
								   ]
				},
				{
						"id":"0x83",
						"name":"访问计时参数",
						"enable":true,
						"subitems":[
									 {
										"number":"0x01",
										"desc":"读取扩展的计时参数集"
									 },
									 {
										"number":"0x02",
										"desc":"计时参数设置为默认值"
									 },
									 {
										"number":"0x03",
										"desc":"读取当前活动的计时参数"
									 },
									 {
										"number":"0x04",
										"desc":"计时参数设置为指定值"
									 }
								   ]
				},
				{
						"id":"0x84",
						"name":"受保护的数据传输",
						"enable":true,
						"subitems":[
								   ]
				},
				{
						"id":"0x85",
						"name":"控制DTC设置",
						"enable":true,
						"subitems":[
									 {
										"number":"0x01",
										"desc":"开"
									 },
									 {
										"number":"0x02",
										"desc":"关"
									 }
								   ]
				},
				{
						"id":"0x86",
						"name":"基于事件响应",
						"enable":true,
						"subitems":[
									 {
										"number":"0x00",
										"desc":"停止基于事件响应"
									 },
									 {
										"number":"0x01",
										"desc":"关于DTC状态更改"
									 },
									 {
										"number":"0x02",
										"desc":"关于计时器中断"
									 },
									 {
										"number":"0x03",
										"desc":"关于数据标识符更改"
									 },
									 {
										"number":"0x04",
										"desc":"报告激活事件"
									 },
									 {
										"number":"0x05",
										"desc":"启动基于事件响应"
									 },
									 {
										"number":"0x06",
										"desc":"清除基于事件响应"
									 },
									 {
										"number":"0x07",
										"desc":"关于值对比"
									 }
								   ]
				},
				{
						"id":"0x87",
						"name":"链路控制",
						"enable":true,
						"subitems":[
									 {
										"number":"0x01",
										"desc":"验证能否使用固定参数进行模式转换"
									 },
									 {
										"number":"0x02",
										"desc":"验证能否使用特定参数进行模式转换"
									 },
									 {
										"number":"0x03",
										"desc":"转换模式"
									 }
								   ]
				}
		]
}
