{
    "auto_transmit": {
        "10021": {
            "canfd": false,
            "count": 32,
            "factor": 2
        },
        "21": {
            "canfd": false,
            "count": 32,
            "factor": 1
        },
        "31": {
            "canfd": false,
            "count": 32,
            "factor": 1
        },
        "34": {
            "canfd": false,
            "count": 100,
            "factor": 1
        },
        "38": {
            "canfd": true,
            "count": 100,
            "factor": 1
        },
        "39": {
            "canfd": true,
            "count": 100,
            "factor": 1
        },
        "40": {
            "canfd": true,
            "count": 100,
            "factor": 1
        },
        "41": {
            "canfd": true,
            "count": 100,
            "factor": 1
        },
        "42": {
            "canfd": true,
            "count": 100,
            "factor": 1
        },
        "43": {
            "canfd": true,
            "count": 100,
            "factor": 1
        },
        "48": {
            "canfd": true,
            "count": 32,
            "factor": 1
        },
        "49": {
            "canfd": true,
            "count": 32,
            "factor": 1
        },
        "50": {
            "canfd": true,
            "count": 32,
            "factor": 1
        },
        "51": {
            "canfd": true,
            "count": 32,
            "factor": 1
        },
        "52": {
            "canfd": true,
            "count": 32,
            "factor": 1
        },
        "53": {
            "canfd": true,
            "count": 32,
            "factor": 1
        },
        "55": {
            "canfd": true,
            "count": 32,
            "factor": 1
        },
        "56": {
            "canfd": true,
            "count": 32,
            "factor": 1
        },
        "57": {
            "canfd": true,
            "count": 32,
            "factor": 1
        },
        "58": {
            "canfd": true,
            "count": 32,
            "factor": 1
        },
        "59": {
            "canfd": true,
            "count": 32,
            "factor": 1
        },
        "60": {
            "canfd": true,
            "count": 32,
            "factor": 1
        },
        "61": {
            "canfd": true,
            "count": 32,
            "factor": 1
        },
        "62": {
            "canfd": true,
            "count": 32,
            "factor": 1
        },
        "63": {
            "canfd": true,
            "count": 32,
            "factor": 1
        },
        "64": {
            "canfd": true,
            "count": 32,
            "factor": 1
        },
        "65": {
            "canfd": true,
            "count": 32,
            "factor": 1
        },
        "66": {
            "canfd": true,
            "count": 32,
            "factor": 1
        },
        "67": {
            "canfd": true,
            "count": 32,
            "factor": 1
        },
		"68": {
            "canfd": true,
            "count": 32,
            "factor": 1
        },
        "69": {
            "canfd": true,
            "count": 32,
            "factor": 1
        },
		"70": {
            "canfd": true,
            "count": 32,
            "factor": 1
        },
        "71": {
            "canfd": true,
            "count": 32,
            "factor": 1
        },
		"72": {
            "canfd": true,
            "count": 32,
            "factor": 1
        },
		"73": {
            "canfd": true,
            "count": 32,
            "factor": 1
        },
		"74": {
            "canfd": true,
            "count": 32,
            "factor": 1
        },
		"75": {
            "canfd": true,
            "count": 32,
            "factor": 1
        },
		"76": {
            "canfd": true,
            "count": 32,
            "factor": 1
        }
    },
    "filter": {
        "1": 1,
        "10": 1,
        "11": 1,
        "12": 1,
        "13": 1,
        "14": 1,
        "15": 1,
        "16": 1,
        "17": 1,
        "18": 1,
        "19": 2,
        "2": 1,
        "20": 2,
        "21": 2,
        "22": 2,
        "23": 1,
        "24": 1,
        "25": 1,
        "26": 1,
        "27": 1,
        "28": 1,
        "29": 1,
        "3": 1,
        "31": 2,
        "32": 3,
        "33": 3,
        "34": 1,
        "35": 1,
        "36": 1,
        "37": 3,
        "38": 2,
        "39": 2,
        "4": 1,
        "40": 2,
        "41": 2,
        "42": 2,
        "43": 2,
        "47": 1,
        "48": 1,
        "49": 1,
        "5": 1,
        "50": 1,
        "51": 1,
        "52": 1,
        "53": 1,
        "6": 1,
        "60": 2,
        "61": 2,
        "62": 2,
        "63": 2,
        "64": 1,
        "65": 1,
        "66": 1,
        "67": 1,
        "7": 1,
        "8": 1,
        "9": 1,
        "55": 1,
        "56": 1,
        "57": 1,
        "58": 1,
        "59": 2,
        "98": 1,
        "99": 1,
		"68": 1,
        "69": 1,
		"70": 1,
        "71": 1,
		"72": 1,
        "73": 1,
		"74": 1,
        "75": 1,
		"76": 2
    },
    "name": {
        "1": "PCI-5121",
        "10": "ISA5420",
        "10021": "CANalyst-II+",
        "11": "PC104-CAN",
        "12": "CANET-UDP",
        "13": "DNP9810",
        "14": "PCI-9840I",
        "15": "PCI104-CAN2",
        "16": "PCI-9820I",
        "17": "CANET-TCP",
        "18": "PCIE-9220",
        "19": "PCI-5010U",
        "2": "PCI-9810I",
        "20": "USBCAN-E-U",
        "21": "USBCAN-2E-U",
        "22": "PCI-5020U",
        "23": "EG20T-CAN",
        "24": "PCIE-9221",
        "25": "CANWIFI-TCP",
        "26": "CANWIFI-UDP",
        "27": "PCIe-9120I",
        "28": "PCIe-9110I",
        "29": "PCIe-9140I",
        "3": "USBCAN-I",
        "31": "USBCAN-4E-U",
        "32": "CANDTU-200XX",
        "33": "CANDTU-MINI",
        "34": "USBCAN-8E-U",
        "35": "CANREPLAY",
        "36": "CANDTU-NET",
        "37": "CANDTU-100UR",
        "38": "PCIECANFD-100U",
        "39": "PCIECANFD-200U",
        "4": "USBCAN-II",
        "40": "PCIECANFD-400U",
        "41": "USBCANFD-200U",
        "42": "USBCANFD-100U",
        "43": "USBCANFD-MINI",
        "44": "CANFDCOM-100IE",
        "45": "CANScope",
        "46": "ZlgCloud",
        "47": "CANDTU-NET-400",
        "48": "CANFDNET-200U-TCP",
        "49": "CANFDNET-200U-UDP",
        "5": "PCI-9820",
        "50": "CANFDWIFI-100U-TCP",
        "51": "CANFDWIFI-100U-UDP",
        "52": "CANFDNET-400U-TCP",
        "53": "CANFDNET-400U-UDP",
        "55": "CANFDNET-100MINI-TCP",
        "56": "CANFDNET-100MINI-UDP",
        "57": "CANFDNET-800U-TCP",
        "58": "CANFDNET-800U-UDP",
		"74": "CANFDDTU-CASCADE-TCP",
        "75": "CANFDDTU-CASCADE-UDP",
		"76": "USBCANFD-400U",
        "59": "USBCANFD-800U",
        "6": "CAN232",
        "60": "PCIECANFD-100U",
        "61": "PCIECANFD-400U",
        "62": "PCIECANFD-200U-EX",
        "63": "PCIECANFD-200U-M.2",
        "64": "CANFDDTU-400-TCP",
        "65": "CANFDDTU-400-UDP",
		"72": "CANFDDTU-600EWGR-TCP",
        "73": "CANFDDTU-600EWGR-UDP",
		"68": "CANFDDTU-800ER-TCP",
        "69": "CANFDDTU-800ER-UDP",
		"70": "CANFDDTU-800EWGR-TCP",
        "71": "CANFDDTU-800EWGR-UDP",
        "66": "CANFDWIFI-200U-TCP",
        "67": "CANFDWIFI-200U-UDP",
        "7": "PCI-5110",
        "8": "CANLITE",
        "9": "ISA9620",
        "98": "Offline Device",
        "99": "Virtual Device"
    },
    "net_devices": [
        12,
        17,
        25,
        26,
        36,
        47,
        48,
        49,
        50,
        51,
        52,
        53,
        55,
        56,
        57,
        58,
        64,
        65,
        66,
        67,
		68,
        69,
		70,
        71,
		72,
		73,
		74,
		75
    ],
    "notimestamp_devices": [
        12,
        17,
        25,
        26
    ],
    "upload_busratio_devices": [
        48,
        49,
        50,
        51,
        52,
        53,
        55,
        56,
        57,
        58,
        59,
        60,
        61,
        62,
        63,
        64,
        65,
        66,
        67,
		68,
        69,
		70,
        71,
		72,
		73,
		74,
		75
    ],
    "queue_send_mode_devices": [
        39,
        41,
        42,
        43,
        48,
        49,
        52,
        53,
        55,
        56,
        57,
        58,
        59,
        60,
        61,
        62,
        63,
        64,
        65,
        66,
        67,
		68,
		69,
		70,
		71,
		72,
		73,
		74,
		75,
		76
    ],
    "type": [
        3,
        4,
        20,
        21,
        31,
        34,
        17,
        12,
        25,
        26,
        10021,
        2,
        5,
        14,
        16,
        19,
        22,
        24,
        27,
        28,
        29,
        32,
        36,
        47,
        64,
        65,
		68,
		69,
		70,
		71,
		72,
		73,
        50,
        51,
        66,
        67,
        55,
        56,
        48,
        49,
        52,
        53,
        57,
        58,
		74,
		75,
        37,
        39,
        41,
        42,
        43,
		76,
        59,
        60,
        61,
        62,
        45,
        46,
        99
    ],
    "echo_supported_devices": [
        41,
        42,
        43,
        48,
        49,
        55,
        56,
        52,
        53,
        50,
        51,
        57,
        58,
        59,
        60,
        61,
        62,
        63,
        64,
        65,
        66,
        67,
		68,
		69,
		70,
		71,
		72,
		73,
		74,
		75,
		76
    ],
    "merge_channel_supported_devices": [
        41,
        42,
        43,
        46,
        48,
        49,
        55,
        56,
        52,
        53,
        50,
        51,
        57,
        58,
        59,
        60,
        61,
        62,
        63,
        64,
        65,
        66,
        67,
		68,
		69,
		70,
		71,
		72,
		73,
		74,
		75,
		76
    ]
}
