{
  "name": "TOUCH",
  "type": "ARM",
  "dependenceList": [],
  "srcDirs": [],
  "virtualFolder": {
    "name": "<virtual_root>",
    "files": [],
    "folders": [
      {
        "name": "USER",
        "files": [
          {
            "path": "../USER/main.c"
          },
          {
            "path": "../USER/stm32f10x_it.c"
          },
          {
            "path": "../USER/system_stm32f10x.c"
          }
        ],
        "folders": []
      },
      {
        "name": "HARDWARE",
        "files": [
          {
            "path": "../HARDWARE/KEY/key.c"
          },
          {
            "path": "../HARDWARE/LCD/lcd.c"
          },
          {
            "path": "../HARDWARE/SPI/SPI.c"
          },
          {
            "path": "../HARDWARE/LED/led.c"
          },
          {
            "path": "../HARDWARE/FONT/font.c"
          }
        ],
        "folders": []
      },
      {
        "name": "CORE",
        "files": [
          {
            "path": "../CORE/core_cm3.c"
          },
          {
            "path": "../CORE/startup_stm32f10x_md.s"
          }
        ],
        "folders": []
      },
      {
        "name": "FWLib",
        "files": [
          {
            "path": "../STM32F10x_FWLib/src/misc.c"
          },
          {
            "path": "../STM32F10x_FWLib/src/stm32f10x_gpio.c"
          },
          {
            "path": "../STM32F10x_FWLib/src/stm32f10x_rcc.c"
          },
          {
            "path": "../STM32F10x_FWLib/src/stm32f10x_spi.c"
          },
          {
            "path": "../STM32F10x_FWLib/src/stm32f10x_flash.c"
          }
        ],
        "folders": []
      },
      {
        "name": "SYSTEM",
        "files": [
          {
            "path": "../SYSTEM/delay/delay.c"
          }
        ],
        "folders": []
      },
      {
        "name": "::CMSIS",
        "files": [],
        "folders": []
      },
      {
        "name": "::Device",
        "files": [
          {
            "path": "RTE/Device/STM32F103C8/RTE_Device.h"
          },
          {
            "path": "RTE/Device/STM32F103C8/startup_stm32f10x_md.s"
          },
          {
            "path": "RTE/Device/STM32F103C8/system_stm32f10x.c"
          },
          {
            "path": "RTE/Device/STM32F103RB/RTE_Device.h"
          },
          {
            "path": "RTE/Device/STM32F103RB/startup_stm32f10x_md.s"
          },
          {
            "path": "RTE/Device/STM32F103RB/system_stm32f10x.c"
          },
          {
            "path": "RTE/Device/STM32F103RC/RTE_Device.h"
          },
          {
            "path": "RTE/Device/STM32F103RC/startup_stm32f10x_hd.s"
          },
          {
            "path": "RTE/Device/STM32F103RC/system_stm32f10x.c"
          }
        ],
        "folders": []
      }
    ]
  },
  "outDir": "build",
  "deviceName": null,
  "packDir": null,
  "miscInfo": {
    "uid": "6b2063900690c89ab0229538ff66a71d"
  },
  "targets": {
    "SY-TFT": {
      "excludeList": [
        "<virtual_root>/::Device"
      ],
      "toolchain": "AC5",
      "compileConfig": {
        "cpuType": "Cortex-M3",
        "archExtensions": "",
        "floatingPointHardware": "none",
        "scatterFilePath": "",
        "useCustomScatterFile": false,
        "storageLayout": {
          "RAM": [
            {
              "tag": "RAM",
              "id": 1,
              "mem": {
                "startAddr": "0x0",
                "size": "0x0"
              },
              "isChecked": false,
              "noInit": false
            },
            {
              "tag": "RAM",
              "id": 2,
              "mem": {
                "startAddr": "0x0",
                "size": "0x0"
              },
              "isChecked": false,
              "noInit": false
            },
            {
              "tag": "RAM",
              "id": 3,
              "mem": {
                "startAddr": "0x0",
                "size": "0x0"
              },
              "isChecked": false,
              "noInit": false
            },
            {
              "tag": "IRAM",
              "id": 1,
              "mem": {
                "startAddr": "0x20000000",
                "size": "0x5000"
              },
              "isChecked": true,
              "noInit": false
            },
            {
              "tag": "IRAM",
              "id": 2,
              "mem": {
                "startAddr": "0x0",
                "size": "0x0"
              },
              "isChecked": false,
              "noInit": false
            }
          ],
          "ROM": [
            {
              "tag": "ROM",
              "id": 1,
              "mem": {
                "startAddr": "0x0",
                "size": "0x0"
              },
              "isChecked": false,
              "isStartup": false
            },
            {
              "tag": "ROM",
              "id": 2,
              "mem": {
                "startAddr": "0x0",
                "size": "0x0"
              },
              "isChecked": false,
              "isStartup": false
            },
            {
              "tag": "ROM",
              "id": 3,
              "mem": {
                "startAddr": "0x0",
                "size": "0x0"
              },
              "isChecked": false,
              "isStartup": false
            },
            {
              "tag": "IROM",
              "id": 1,
              "mem": {
                "startAddr": "0x8000000",
                "size": "0x10000"
              },
              "isChecked": true,
              "isStartup": true
            },
            {
              "tag": "IROM",
              "id": 2,
              "mem": {
                "startAddr": "0x0",
                "size": "0x0"
              },
              "isChecked": false,
              "isStartup": false
            }
          ]
        },
        "options": "null"
      },
      "uploader": "JLink",
      "uploadConfig": {
        "bin": "",
        "baseAddr": "",
        "cpuInfo": {
          "vendor": "null",
          "cpuName": "null"
        },
        "proType": 1,
        "speed": 8000,
        "otherCmds": ""
      },
      "uploadConfigMap": {},
      "custom_dep": {
        "name": "default",
        "incList": [
          "../HARDWARE/LED",
          "../SYSTEM/delay",
          "../SYSTEM/sys",
          "../SYSTEM/usart",
          "../USER",
          "../STM32F10x_FWLib/inc",
          "../CORE",
          "../HARDWARE/KEY",
          "../HARDWARE/EXTI",
          "../HARDWARE/WDG",
          "../HARDWARE/TIMER",
          "../HARDWARE/PWM",
          "../HARDWARE/LCD",
          "../HARDWARE/WKUP",
          "../HARDWARE/ADC",
          "../HARDWARE/TSensor",
          "../HARDWARE/IIC",
          "../HARDWARE/24CXX",
          "../HARDWARE/SPI",
          "../HARDWARE/FLASH",
          "../HARDWARE/TOUCH",
          ".cmsis/include",
          "RTE/Device/STM32F103C8",
          "RTE/Device/STM32F103RB",
          "RTE/Device/STM32F103RC",
          "RTE/_SY-TFT"
        ],
        "libList": [],
        "defineList": [
          "STM32F10X_MD",
          "USE_STDPERIPH_DRIVER"
        ]
      },
      "builderOptions": {
        "AC5": {
          "version": 4,
          "beforeBuildTasks": [],
          "afterBuildTasks": [],
          "global": {
            "use-microLIB": false,
            "output-debug-info": "enable"
          },
          "c/cpp-compiler": {
            "optimization": "level-0",
            "one-elf-section-per-function": true,
            "c99-mode": true,
            "C_FLAGS": "--diag_suppress=1 --diag_suppress=1295",
            "CXX_FLAGS": "--diag_suppress=1 --diag_suppress=1295",
            "warnings": "unspecified"
          },
          "asm-compiler": {},
          "linker": {
            "$outputTaskExcludes": [
              ".bin"
            ],
            "output-format": "elf",
            "xo-base": "",
            "ro-base": "0x08000000",
            "rw-base": "0x20000000"
          }
        }
      }
    }
  },
  "version": "3.6"
}